ticker,start_date,end_date
AAL,2014-12-22,2020-04-20
AAPL,2014-01-01,
ABNB,2021-12-20,
ADBE,2014-01-01,
ADI,2014-01-01,
ADP,2014-01-01,
ADSK,2014-01-01,
AEP,2020-12-21,
AKAM,2014-01-01,2017-12-18
ALAB,2026-06-22,
ALGN,2017-10-23,2023-12-18
ALNY,2025-12-22,
ALTR,2014-01-01,2015-10-07
ALXN,2014-01-01,2021-07-21
AMAT,2014-01-01,
AMD,2018-12-24,
AMGN,2014-01-01,
AMZN,2014-01-01,
ANSS,2019-12-23,2025-07-28
APP,2024-11-18,
ARM,2024-06-24,
ASML,2017-12-18,
ATVI,2014-01-01,2023-07-17
AVGO,2014-01-01,
AXON,2024-12-23,
AZN,2022-02-22,2026-01-20
BATRA,2016-04-18,2016-06-10
BATRK,2016-04-18,2016-06-10
BBBY,2014-01-01,2016-12-19
BIDU,2014-01-01,2022-12-19
BIIB,2014-01-01,2025-12-22
BKNG,2018-02-27,
BKR,2022-12-19,
BMRN,2015-07-27,2020-12-21
BRCM,2014-01-01,2015-11-11
CA,2014-01-01,2018-11-05
CCEP,2023-12-18,
CDNS,2017-12-18,
CDW,2019-12-23,2021-12-20
CDW,2023-12-18,2025-12-22
CEG,2022-02-02,
CELG,2014-01-01,2019-11-19
CERN,2014-01-01,2021-12-20
CHKP,2014-01-01,2021-12-20
CHRW,2014-01-01,2015-12-21
CHTR,2014-01-01,2026-06-22
CMCSA,2014-01-01,
COST,2014-01-01,
CPRT,2019-12-23,
CRWD,2021-08-26,
CRWV,2026-06-22,
CSCO,2014-01-01,
CSGP,2019-12-23,2020-07-20
CSGP,2022-12-19,2026-05-18
CSX,2016-02-22,
CTAS,2016-12-19,
CTRP,2015-12-21,2019-11-05
CTRX,2014-01-01,2015-07-29
CTSH,2014-01-01,2026-06-22
CTXS,2014-01-01,2020-12-21
DASH,2023-12-18,
DDOG,2021-12-20,
DISCA,2014-01-01,2017-12-18
DISCK,2014-08-07,2017-12-18
DISH,2014-01-01,2018-07-23
DLTR,2014-01-01,2024-11-18
DOCU,2020-06-22,2022-12-19
DTV,2014-01-01,2015-07-27
DXCM,2020-04-20,
EA,2014-12-22,2026-08-04
EBAY,2014-01-01,2023-12-18
ENDP,2015-12-21,2016-07-18
ENPH,2022-11-21,2023-12-18
EQIX,2014-01-01,2015-03-23
ESRX,2014-01-01,2018-12-24
EXC,2019-11-19,
EXPD,2014-01-01,2015-12-21
EXPE,2014-01-01,2014-12-22
EXPE,2015-12-21,2020-12-21
FANG,2022-12-19,
FAST,2014-01-01,
FB,2014-01-01,2022-06-09
FER,2025-12-22,
FFIV,2014-01-01,2014-12-22
FISV,2014-01-01,2023-06-07
FOX,2014-12-22,2021-12-20
FOXA,2014-01-01,2021-12-20
FTNT,2021-12-20,
GEHC,2023-06-07,
GFS,2022-12-19,2025-12-22
GILD,2014-01-01,
GMCR,2014-01-01,2015-12-21
GOOG,2014-01-01,
GOOGL,2014-04-03,
GRMN,2014-01-01,2015-12-21
HAS,2016-12-19,2019-12-23
HOLX,2016-12-19,2018-12-24
HON,2021-07-21,
HONA,2026-06-29,
HSIC,2014-01-01,2019-12-23
IDXX,2017-03-20,
ILMN,2014-01-01,2024-12-23
INCY,2015-10-07,2021-12-20
INSM,2025-12-22,2026-06-22
INTC,2014-01-01,
INTU,2014-01-01,
ISRG,2014-01-01,
JBHT,2017-02-07,2019-12-23
JD,2015-07-29,2023-12-18
KDP,2020-10-19,
KHC,2015-07-02,2026-09-14
KLAC,2014-01-01,2016-02-22
KLAC,2016-12-19,
KRFT,2014-01-01,2015-07-02
LBTYA,2014-01-01,2020-12-21
LBTYK,2014-12-22,2020-12-21
LCID,2021-12-20,2023-12-18
LILA,2015-07-02,2015-12-21
LILAK,2015-07-02,2015-12-21
LIN,2024-03-18,
LINTA,2014-01-01,2014-10-07
LITE,2026-05-18,
LLTC,2014-01-01,2016-10-19
LMCA,2014-01-01,2016-06-10
LMCK,2014-07-24,2016-06-10
LRCX,2014-12-22,
LULU,2018-12-24,2025-12-22
MAR,2014-01-01,
MAT,2014-01-01,2017-10-23
MCHP,2016-07-18,
MDB,2023-12-18,2025-05-19
MDLZ,2014-01-01,
MELI,2017-06-19,
META,2022-06-09,
MNST,2014-01-01,
MPWR,2025-12-22,
MRNA,2020-07-20,2024-12-23
MRVL,2020-12-21,
MSFT,2014-01-01,
MSTR,2024-12-23,
MTCH,2020-12-21,2022-12-19
MU,2014-01-01,
MXIM,2014-01-01,2014-12-22
MXIM,2015-12-21,2021-08-26
MYL,2014-01-01,2019-12-23
NBIS,2026-06-22,
NCLH,2015-12-21,2017-12-18
NFLX,2014-01-01,
NLOK,2019-11-05,2019-12-23
NTAP,2014-01-01,2016-12-19
NTAP,2018-12-24,2020-08-24
NTES,2016-03-16,2022-12-19
NVDA,2014-01-01,
NXPI,2014-01-01,2017-02-07
NXPI,2018-11-05,
ODFL,2022-01-24,
OKTA,2020-12-21,2022-11-21
ON,2023-06-20,2025-12-22
ORLY,2014-01-01,
PANW,2021-12-20,
PAYX,2014-01-01,
PCAR,2014-01-01,
PCLN,2014-01-01,2018-02-27
PDD,2020-08-24,
PEP,2018-07-23,
PLTR,2024-12-23,
PTON,2020-12-21,2022-01-24
PYPL,2015-11-11,
QCOM,2014-01-01,
QRTEA,2018-04-09,2018-12-24
QVCA,2014-10-07,2018-04-09
REGN,2014-01-01,
RIVN,2022-12-19,2023-06-20
RKLB,2026-06-22,
ROP,2023-12-18,
ROST,2014-01-01,
SBAC,2014-01-01,2017-03-20
SBUX,2014-01-01,
SGEN,2019-12-23,2023-12-14
SHOP,2025-05-19,
SHPG,2016-10-19,2018-12-24
SIAL,2014-01-01,2015-08-03
SIRI,2014-01-01,2024-06-24
SMCI,2024-07-22,2024-12-23
SNDK,2014-01-01,2016-03-16
SNDK,2026-04-20,
SNPS,2017-12-18,
SOLS,2025-10-30,2025-11-06
SPCX,2026-07-07,
SPLK,2019-12-23,2022-12-19
SPLK,2023-12-18,2024-03-18
SPLS,2014-01-01,2015-12-21
SRCL,2014-01-01,2016-12-19
STX,2014-01-01,2018-12-24
STX,2025-12-22,
SWKS,2015-08-03,2022-12-19
SYMC,2014-01-01,2019-11-05
TCOM,2019-11-05,2021-12-20
TEAM,2020-12-21,2026-04-20
TER,2026-06-22,
TMUS,2015-12-21,
TRI,2025-07-28,
TRIP,2014-01-01,2017-04-24
TSCO,2014-01-01,2017-12-18
TSLA,2014-01-01,
TTD,2023-07-17,2025-12-22
TTWO,2017-12-18,2020-12-21
TTWO,2023-12-14,
TXN,2014-01-01,
UAL,2018-12-24,2020-06-22
ULTA,2015-12-21,2020-12-21
VIAB,2014-01-01,2017-12-18
VIP,2014-01-01,2015-12-21
VOD,2014-01-01,2018-12-24
VRSK,2014-01-01,2026-06-22
VRSN,2018-12-24,2022-12-19
VRTX,2014-01-01,
VSNT,2026-01-05,2026-01-09
WBA,2015-03-23,2024-07-22
WBD,2022-12-19,
WDAY,2017-12-18,
WDC,2014-01-01,2020-10-19
WDC,2025-12-22,
WFM,2014-01-01,2016-12-19
WLTW,2018-12-24,2020-04-30
WMT,2026-01-20,
WYNN,2014-01-01,2015-12-21
WYNN,2017-04-24,2019-12-23
XEL,2018-11-19,
XLNX,2014-01-01,2022-02-22
XRAY,2016-06-10,2018-11-19
YHOO,2014-01-01,2017-06-19
ZM,2020-04-30,2023-12-18
ZS,2021-12-20,2026-06-22
